"Id";"Designator";"Footprint";"Quantity";"Designation";"Supplier and ref";
1;"VR3,VR2";"PTV09A4020FB103";2;"50k";;;
2;"J12,J4";"PinHeader_1x03_P2.54mm_Vertical";2;"FAN 5V";;;
3;"C46,C45";"C_0603_1608Metric";2;"1uF";;;
4;"R3,R2,R43,R68,R61,R36,R37,R60,R38,R39,R63,R64,R65,R71,R70,R62,R73,R66,R67,R41,R69,R42,R44,R45,R34,R40,R35";"R_0402_1005Metric";27;"1k";;;
5;"U3,U4";"SOIC127P599X175-8N";2;"LM4871MX_NOPB";;;
6;"R22,R21,R18,R17";"R_0402_1005Metric";4;"20k";;;
7;"R20,R19,R104,R108,R107,R101,R109,R102,R106,R131,R128,R139,R215,R218,R117,R127,R120,R125,R223,R122,R115,R126,R221,R140,R222,R226,R116,R141,R105,R203,R130,R138,R118,R135,R129,R224,R225,R133,R119,R134,R103,R216,R132,R220,R123,R124,R121,R217,R202,R136,R219,R137,R204";"R_0402_1005Metric";53;"475R";;;
8;"C37,C39";"C_0402_1005Metric";2;"20nF";;;
9;"C17,C15,C18,C14,C25,C26,C16,C33,C28,C30,C35,C19,C20,C34,C31,C22,C27,C36,C29,C38,C32,C21,C13,C23,C24";"C_0402_1005Metric";25;"10nF";;;
10;"H5";"MountingHole_3mm";1;"FAN1";;;
11;"H3,H4,H1,H2";"MountingHole_3mm_Pad_Via";4;"MountingHole_Pad";;;
12;"H6";"MountingHole_3mm";1;"FAN2";;;
13;"H8";"MountingHole_3mm";1;"FAN4";;;
14;"J5";"PinHeader_1x03_P2.54mm_Vertical";1;"FAN 3V3";;;
15;"J9";"JST_EH_B10B-EH-A_1x10_P2.50mm_Vertical";1;"CPS1 KICK";;;
16;"J10";"BarrelJack_Horizontal";1;"5V TO DE10";;;
17;"H7";"MountingHole_3mm";1;"FAN3";;;
18;"R1";"R_0402_1005Metric";1;"100R";;;
19;"J8";"JAMMA-56";1;"Jamma_con";;;
20;"J11";"PinHeader_1x10_P2.54mm_Vertical";1;"0.1" kick";;;
21;"J2";"PinHeader_1x10_P2.54mm_Vertical";1;"Arduino 8-SCL";;;
22;"J1";"PinHeader_1x05_P2.54mm_Vertical";1;"Arduino 3-7";;;
23;"J6";"PinHeader_1x01_P2.54mm_Vertical";1;"Arduino Reset";;;
24;"J7";"PinSocket_2x20_P2.54mm_Vertical";1;"GPIO1";;;
